{
  "name": {
    "first": "Marcus",
    "last": "Lastrucci"
  },
  "skills": {
    "strength": 4,
    "constitution": 7,
    "dexterity": 5,
    "intelligence": 3,
    "wisdom": 4,
    "charisma": 4,
    "level": 8
  },
  "experience": {
    "strengthXp": 68.8800000000096,
    "constitutionXp": 598.4000000000675,
    "dexterityXp": 478.7199999999733,
    "intelligenceXp": 299.20000000003375,
    "wisdomXp": 68.8800000000096,
    "charismaXp": 68.8800000000096
  }
}