{
  "name": {
    "first": "Melvin",
    "last": "Coleman"
  },
  "skills": {
    "strength": 7,
    "constitution": 6,
    "dexterity": 6,
    "intelligence": 3,
    "wisdom": 3,
    "charisma": 4,
    "level": 9,
    "hp": 30
  },
  "experience": {
    "strengthXp": 15.59999999999996,
    "constitutionXp": 14.039999999999983,
    "dexterityXp": 14.039999999999983,
    "intelligenceXp": 7.79999999999998,
    "wisdomXp": 9.359999999999989,
    "charismaXp": 10.920000000000025
  }
}