{
  "name": {
    "first": "Beulah",
    "last": "Morini"
  },
  "skills": {
    "strength": 9,
    "constitution": 3,
    "dexterity": 5,
    "intelligence": 4,
    "wisdom": 3,
    "charisma": 3,
    "level": 8
  },
  "experience": {
    "strengthXp": 364.64999999999003,
    "constitutionXp": 196.34999999998735,
    "dexterityXp": 252.4500000000083,
    "intelligenceXp": 186.99999999999451,
    "wisdomXp": 196.34999999998735,
    "charismaXp": 196.34999999998735
  }
}