{
  "0": {
    "met": true,
    "name": {
      "first": "Ernest",
      "last": "Pengel"
    },
    "skills": {
      "strength": 3,
      "constitution": 8,
      "dexterity": 8,
      "intelligence": 3,
      "wisdom": 4,
      "charisma": 3,
      "level": 9,
      "hp": 35
    },
    "experience": {
      "strengthXp": 9.059999999999999,
      "constitutionXp": 16.609999999999964,
      "dexterityXp": 16.609999999999964,
      "intelligenceXp": 9.059999999999999,
      "wisdomXp": 10.569999999999958,
      "charismaXp": 9.059999999999999
    },
    "inventory": {
      "ironSword": {
        "damage": 4
      }
    }
  }
}