{
  "0": {
    "name": {
      "first": "Louise",
      "last": "Huet"
    },
    "skills": {
      "strength": 6,
      "constitution": 3,
      "dexterity": 6,
      "intelligence": 5,
      "wisdom": 6,
      "charisma": 3,
      "level": 9
    },
    "experience": {
      "strengthXp": 95.58999999999966,
      "constitutionXp": 69.51999999999957,
      "dexterityXp": 95.58999999999966,
      "intelligenceXp": 86.8999999999972,
      "wisdomXp": 95.58999999999966,
      "charismaXp": 69.51999999999957
    }
  }
}