{
  "0": {
    "name": {
      "first": "Brian",
      "last": "Gilbert"
    },
    "skills": {
      "strength": 4,
      "constitution": 3,
      "dexterity": 3,
      "intelligence": 3,
      "wisdom": 7,
      "charisma": 6,
      "level": 8
    },
    "experience": {
      "strengthXp": 196.28000000000014,
      "constitutionXp": 168.2400000000056,
      "dexterityXp": 168.2400000000056,
      "intelligenceXp": 168.2400000000056,
      "wisdomXp": 280.39999999998145,
      "charismaXp": 252.36000000000828
    }
  }
}