{
  "name": {
    "first": "Dev",
    "last": "Test"
  },
  "skills": {
    "strength": 3,
    "constitution": 6,
    "dexterity": 7,
    "intelligence": 5,
    "wisdom": 8,
    "charisma": 4,
    "level": 10
  },
  "experience": {
    "strengthXp": 2.0000000000000004,
    "constitutionXp": 2.75,
    "dexterityXp": 3.0000000000000018,
    "intelligenceXp": 2.0833333333333326,
    "wisdomXp": 3.2499999999999982,
    "charismaXp": 2.2500000000000004
  }
}