{
  "name": {
    "first": "Ara",
    "last": "Ham"
  },
  "skills": {
    "strength": 16,
    "constitution": 13,
    "dexterity": 13,
    "intelligence": 10,
    "wisdom": 11,
    "charisma": 14,
    "level": 24
  },
  "experience": {
    "strengthXp": 136.07000000029223,
    "constitutionXp": 128.48000000005285,
    "dexterityXp": 128.48000000005285,
    "intelligenceXp": 768.0833333332467,
    "wisdomXp": 1050.6500000000933,
    "charismaXp": 712.5600000002339
  }
}