{
  "name": {
    "first": "Ara",
    "last": "Ham"
  },
  "skills": {
    "strength": 10,
    "constitution": 6,
    "dexterity": 6,
    "intelligence": 4,
    "wisdom": 5,
    "charisma": 8,
    "level": 12
  },
  "experience": {
    "strengthXp": 513.1499999999809,
    "constitutionXp": 482.7700000000088,
    "dexterityXp": 482.7700000000088,
    "intelligenceXp": 336.66666666668664,
    "wisdomXp": 83.24000000000147,
    "charismaXp": 496.9000000000961
  }
}