{
  "name": {
    "first": "Ara",
    "last": "Ham"
  },
  "skills": {
    "strength": 13,
    "constitution": 10,
    "dexterity": 10,
    "intelligence": 8,
    "wisdom": 9,
    "charisma": 11,
    "level": 19
  },
  "experience": {
    "strengthXp": 832.2900000000991,
    "constitutionXp": 391.46999999996103,
    "dexterityXp": 391.46999999996103,
    "intelligenceXp": 212.88333333340566,
    "wisdomXp": 93.36999999996696,
    "charismaXp": 1043.26999999997
  }
}