{
  "name": {
    "first": "Ara",
    "last": "Ham"
  },
  "skills": {
    "strength": 13,
    "constitution": 9,
    "dexterity": 9,
    "intelligence": 7,
    "wisdom": 8,
    "charisma": 11,
    "level": 18
  },
  "experience": {
    "strengthXp": 188.73000000006252,
    "constitutionXp": 751.3499999999789,
    "dexterityXp": 751.3499999999789,
    "intelligenceXp": 520.1833333333958,
    "wisdomXp": 401.22000000003453,
    "charismaXp": 462.46999999994443
  }
}