{
  "name": {
    "first": "aram",
    "last": "hammoudeh"
  },
  "skills": {
    "strength": 13,
    "constitution": 11,
    "dexterity": 10,
    "intelligence": 15,
    "wisdom": 11,
    "charisma": 10,
    "level": 22
  },
  "experience": {
    "strengthXp": 306.6199999990338,
    "constitutionXp": 984.2999999996986,
    "dexterityXp": 797.0400000002704,
    "intelligenceXp": 846.3833333340694,
    "wisdomXp": 984.2999999996986,
    "charismaXp": 797.0400000002704
  }
}