{
  "name": {
    "first": "Aram ",
    "last": "Hammoudeh"
  },
  "skills": {
    "strength": 7,
    "constitution": 8,
    "dexterity": 8,
    "intelligence": 6,
    "wisdom": 8,
    "charisma": 7,
    "level": 14
  },
  "experience": {
    "strengthXp": 250.94999999996506,
    "constitutionXp": 782.8799999999902,
    "dexterityXp": 782.8799999999902,
    "intelligenceXp": 84.08333333330536,
    "wisdomXp": 113.14000000005667,
    "charismaXp": 250.94999999996506
  }
}