{
  "name": {
    "first": "Dev",
    "last": "Test"
  },
  "skills": {
    "strength": 4,
    "constitution": 7,
    "dexterity": 8,
    "intelligence": 6,
    "wisdom": 9,
    "charisma": 5,
    "level": 12
  },
  "experience": {
    "strengthXp": 394.99000000004384,
    "constitutionXp": 315.69000000004866,
    "dexterityXp": 291.150000000008,
    "intelligenceXp": 192.4833333332828,
    "wisdomXp": 267.30999999997874,
    "charismaXp": 367.2899999999901
  }
}