{
  "name": {
    "first": "Ara",
    "last": "Ham"
  },
  "skills": {
    "strength": 9,
    "constitution": 5,
    "dexterity": 5,
    "intelligence": 3,
    "wisdom": 3,
    "charisma": 7,
    "level": 10
  },
  "experience": {
    "strengthXp": 531.9600000000171,
    "constitutionXp": 354.639999999998,
    "dexterityXp": 354.639999999998,
    "intelligenceXp": 221.65000000001615,
    "wisdomXp": 265.98000000000854,
    "charismaXp": 443.3000000000323
  }
}